document_id,hansardDate,year,month,day_of_week,scrapMethod,docLength,decade,split_type,wordCount,actual_word_count,actual_doc_length,text_source,quality_score,quality_grade,export_timestamp
67323b1d263cfe868c63c564,2024-10-22,2024,10,Tuesday,pdfplumber,long,2020s,train,69426,69426,long,content_text,99.60665269042627,A+,2025-06-04 18:19:03.766570
67323b75263cfe868c63c567,2024-11-06,2024,11,Wednesday,pdfplumber,long,2020s,train,72621,72621,long,content_text,99.60665269042627,A+,2025-06-04 18:19:03.766570
6732558552c74147fa5731ae,1959-09-11,1959,9,Friday,tesseract,medium,1950s,train,3816,3663,medium,ocr_text,99.60665269042627,A+,2025-06-04 18:19:03.766570
6732576e52c74147fa5731cb,1960-06-21,1960,6,Tuesday,tesseract,long,1960s,train,37059,37892,long,ocr_text,99.60665269042627,A+,2025-06-04 18:19:03.766570
6732577052c74147fa5731cc,1960-08-12,1960,8,Friday,googlevision,long,1960s,train,33444,32726,long,ocr_text,99.60665269042627,A+,2025-06-04 18:19:03.766570
6732577c52c74147fa5731d1,1960-09-13,1960,9,Tuesday,tesseract,short,1960s,train,0,34983,long,ocr_text,99.60665269042627,A+,2025-06-04 18:19:03.766570
6732580d52c74147fa5731d6,1960-12-06,1960,12,Tuesday,googlevision,long,1960s,train,35424,34600,long,ocr_text,99.60665269042627,A+,2025-06-04 18:19:03.766570
6732581b52c74147fa5731d8,1960-12-08,1960,12,Thursday,tesseract,long,1960s,train,27356,28396,long,ocr_text,99.60665269042627,A+,2025-06-04 18:19:03.766570
6732581c52c74147fa5731d9,1960-12-09,1960,12,Friday,tesseract,long,1960s,train,27604,28194,long,ocr_text,99.60665269042627,A+,2025-06-04 18:19:03.766570
6732586a52c74147fa5731e0,1960-12-15,1960,12,Thursday,googlevision,long,1960s,train,35355,33762,long,ocr_text,99.60665269042627,A+,2025-06-04 18:19:03.766570
6732588552c74147fa5731e3,1960-12-21,1960,12,Wednesday,tesseract,long,1960s,train,42230,43121,long,ocr_text,99.60665269042627,A+,2025-06-04 18:19:03.766570
6732599f52c74147fa5731f7,1961-10-16,1961,10,Monday,tesseract,long,1960s,train,40951,41211,long,ocr_text,99.60665269042627,A+,2025-06-04 18:19:03.766570
67325a4652c74147fa573205,1962-01-09,1962,1,Tuesday,tesseract,long,1960s,train,32186,32657,long,ocr_text,99.60665269042627,A+,2025-06-04 18:19:03.766570
67325b0052c74147fa573211,1962-04-27,1962,4,Friday,tesseract,long,1960s,train,32557,33045,long,ocr_text,99.60665269042627,A+,2025-06-04 18:19:03.766570
67325b0052c74147fa573212,1962-04-30,1962,4,Monday,tesseract,long,1960s,train,30790,31230,long,ocr_text,99.60665269042627,A+,2025-06-04 18:19:03.766570
67325bec52c74147fa573222,1962-11-29,1962,11,Thursday,tesseract,long,1960s,train,30807,31476,long,ocr_text,99.60665269042627,A+,2025-06-04 18:19:03.766570
67325d3952c74147fa57323a,1963-08-15,1963,8,Thursday,googlevision,long,1960s,train,30125,29599,long,ocr_text,99.60665269042627,A+,2025-06-04 18:19:03.766570
67325dcb52c74147fa573243,1963-12-19,1963,12,Thursday,tesseract,long,1960s,train,29661,30537,long,ocr_text,99.60665269042627,A+,2025-06-04 18:19:03.766570
67325dce52c74147fa573244,1963-12-24,1963,12,Tuesday,tesseract,long,1960s,train,32470,33356,long,ocr_text,99.60665269042627,A+,2025-06-04 18:19:03.766570
67325e8352c74147fa573253,1964-01-10,1964,1,Friday,tesseract,long,1960s,train,39908,40151,long,ocr_text,99.60665269042627,A+,2025-06-04 18:19:03.766570
67325e8852c74147fa573255,1964-05-18,1964,5,Monday,tesseract,medium,1960s,train,3641,3720,medium,ocr_text,99.60665269042627,A+,2025-06-04 18:19:03.766570
67325f4352c74147fa57325b,1964-07-08,1964,7,Wednesday,tesseract,long,1960s,train,34855,35592,long,ocr_text,99.60665269042627,A+,2025-06-04 18:19:03.766570
67325f5952c74147fa573260,1964-07-06,1964,7,Monday,tesseract,long,1960s,train,56814,56675,long,ocr_text,99.60665269042627,A+,2025-06-04 18:19:03.766570
6732603c52c74147fa57326b,1964-11-30,1964,11,Monday,tesseract,long,1960s,train,35715,36764,long,ocr_text,99.60665269042627,A+,2025-06-04 18:19:03.766570
6732606752c74147fa57326f,1964-12-03,1964,12,Thursday,tesseract,long,1960s,train,48078,49497,long,ocr_text,99.60665269042627,A+,2025-06-04 18:19:03.766570
6732617f52c74147fa573280,1965-03-03,1965,3,Wednesday,tesseract,long,1960s,train,32097,32193,long,ocr_text,99.60665269042627,A+,2025-06-04 18:19:03.766570
6732636652c74147fa573297,1965-11-25,1965,11,Thursday,tesseract,long,1960s,train,41352,41250,long,ocr_text,99.60665269042627,A+,2025-06-04 18:19:03.766570
6732637c52c74147fa57329a,1965-11-24,1965,11,Wednesday,tesseract,long,1960s,train,44791,45817,long,ocr_text,99.60665269042627,A+,2025-06-04 18:19:03.766570
6732641852c74147fa5732a3,1965-12-09,1965,12,Thursday,tesseract,long,1960s,train,40222,41232,long,ocr_text,99.60665269042627,A+,2025-06-04 18:19:03.766570
673264f252c74147fa5732b3,1966-06-20,1966,6,Monday,tesseract,long,1960s,train,51286,51415,long,ocr_text,99.60665269042627,A+,2025-06-04 18:19:03.766570
6732657952c74147fa5732b5,1966-08-26,1966,8,Friday,googlevision,long,1960s,train,48951,48036,long,ocr_text,99.60665269042627,A+,2025-06-04 18:19:03.766570
6732662d52c74147fa5732c2,1967-02-01,1967,2,Wednesday,tesseract,long,1960s,train,31966,32734,long,ocr_text,99.60665269042627,A+,2025-06-04 18:19:03.766570
673267d452c74147fa5732dd,1967-06-22,1967,6,Thursday,tesseract,long,1960s,train,66329,67163,long,ocr_text,99.60665269042627,A+,2025-06-04 18:19:03.766570
67333c16d052c3fbabd833dd,1968-06-11,1968,6,Tuesday,tesseract,long,1960s,train,108835,108578,long,ocr_text,99.60665269042627,A+,2025-06-04 18:19:03.766570
67333c86d052c3fbabd833e4,1968-10-17,1968,10,Thursday,tesseract,long,1960s,train,31707,32154,long,ocr_text,99.60665269042627,A+,2025-06-04 18:19:03.766570
67333e27d052c3fbabd83402,1971-03-03,1971,3,Wednesday,tesseract,long,1970s,train,28680,28325,long,ocr_text,99.60665269042627,A+,2025-06-04 18:19:03.766570
67333e2ad052c3fbabd83403,1971-03-02,1971,3,Tuesday,tesseract,long,1970s,train,26811,27775,long,ocr_text,99.60665269042627,A+,2025-06-04 18:19:03.766570
67333ea4d052c3fbabd8340d,1971-03-19,1971,3,Friday,tesseract,long,1970s,train,146983,147514,long,ocr_text,99.60665269042627,A+,2025-06-04 18:19:03.766570
67333f07d052c3fbabd83413,1971-07-06,1971,7,Tuesday,tesseract,long,1970s,train,33458,34131,long,ocr_text,99.60665269042627,A+,2025-06-04 18:19:03.766570
67333f61d052c3fbabd8341e,1971-07-22,1971,7,Thursday,tesseract,long,1970s,train,34813,34322,long,ocr_text,99.60665269042627,A+,2025-06-04 18:19:03.766570
67333fd8d052c3fbabd83429,1971-12-17,1971,12,Friday,tesseract,long,1970s,train,47962,48267,long,ocr_text,99.60665269042627,A+,2025-06-04 18:19:03.766570
67334000d052c3fbabd8342a,1972-01-06,1972,1,Thursday,tesseract,long,1970s,train,17791,18328,long,ocr_text,99.60665269042627,A+,2025-06-04 18:19:03.766570
67334027d052c3fbabd8342c,1972-01-11,1972,1,Tuesday,tesseract,long,1970s,train,33269,33532,long,ocr_text,99.60665269042627,A+,2025-06-04 18:19:03.766570
6733405dd052c3fbabd83434,1972-01-20,1972,1,Thursday,tesseract,long,1970s,train,32634,32702,long,ocr_text,99.60665269042627,A+,2025-06-04 18:19:03.766570
6733413fd052c3fbabd83448,1972-05-23,1972,5,Tuesday,tesseract,long,1970s,train,34433,34232,long,ocr_text,99.60665269042627,A+,2025-06-04 18:19:03.766570
673341d2d052c3fbabd83450,1972-08-11,1972,8,Friday,tesseract,long,1970s,train,34342,34713,long,ocr_text,99.60665269042627,A+,2025-06-04 18:19:03.766570
673341ddd052c3fbabd83453,1972-08-10,1972,8,Thursday,tesseract,long,1970s,train,37589,38456,long,ocr_text,99.60665269042627,A+,2025-06-04 18:19:03.766570
673341e3d052c3fbabd83455,1972-08-21,1972,8,Monday,tesseract,long,1970s,train,35762,36234,long,ocr_text,99.60665269042627,A+,2025-06-04 18:19:03.766570
67334270d052c3fbabd8345f,1972-12-08,1972,12,Friday,tesseract,long,1970s,train,41081,41888,long,ocr_text,99.60665269042627,A+,2025-06-04 18:19:03.766570
67334272d052c3fbabd83461,1972-12-11,1972,12,Monday,tesseract,long,1970s,train,37885,38246,long,ocr_text,99.60665269042627,A+,2025-06-04 18:19:03.766570
673342e4d052c3fbabd83468,1973-01-19,1973,1,Friday,tesseract,long,1970s,train,32224,31956,long,ocr_text,99.60665269042627,A+,2025-06-04 18:19:03.766570
673344d1d052c3fbabd83495,1973-12-14,1973,12,Friday,tesseract,long,1970s,train,30271,30221,long,ocr_text,99.60665269042627,A+,2025-06-04 18:19:03.766570
673344e2d052c3fbabd83497,1973-12-11,1973,12,Tuesday,tesseract,long,1970s,train,31873,31793,long,ocr_text,99.60665269042627,A+,2025-06-04 18:19:03.766570
673345c5d052c3fbabd834ad,1974-05-02,1974,5,Thursday,tesseract,long,1970s,train,32061,29758,long,ocr_text,99.60665269042627,A+,2025-06-04 18:19:03.766570
673345dad052c3fbabd834af,1974-04-29,1974,4,Monday,tesseract,long,1970s,train,36541,34837,long,ocr_text,99.60665269042627,A+,2025-06-04 18:19:03.766570
673346ebd052c3fbabd834ca,1974-12-12,1974,12,Thursday,tesseract,long,1970s,train,27515,27291,long,ocr_text,99.60665269042627,A+,2025-06-04 18:19:03.766570
67334787d052c3fbabd834d6,1975-04-02,1975,4,Wednesday,tesseract,long,1970s,train,37209,36678,long,ocr_text,99.60665269042627,A+,2025-06-04 18:19:03.766570
67334851d052c3fbabd834e6,1975-10-31,1975,10,Friday,googlevision,long,1970s,train,27473,26838,long,ocr_text,99.60665269042627,A+,2025-06-04 18:19:03.766570
67334979d052c3fbabd83509,1976-01-27,1976,1,Tuesday,tesseract,short,1970s,train,0,30455,long,ocr_text,99.60665269042627,A+,2025-06-04 18:19:03.766570
67334995d052c3fbabd8350b,1976-03-31,1976,3,Wednesday,googlevision,long,1970s,train,32369,31503,long,ocr_text,99.60665269042627,A+,2025-06-04 18:19:03.766570
6733499cd052c3fbabd8350c,1976-04-02,1976,4,Friday,tesseract,long,1970s,train,32900,32274,long,ocr_text,99.60665269042627,A+,2025-06-04 18:19:03.766570
673349ced052c3fbabd83510,1976-04-15,1976,4,Thursday,tesseract,long,1970s,train,35089,34440,long,ocr_text,99.60665269042627,A+,2025-06-04 18:19:03.766570
673349e1d052c3fbabd83512,1976-04-09,1976,4,Friday,googlevision,long,1970s,train,27281,26312,long,ocr_text,99.60665269042627,A+,2025-06-04 18:19:03.766570
67334a2dd052c3fbabd8351a,1976-07-09,1976,7,Friday,tesseract,long,1970s,train,25985,25644,long,ocr_text,99.60665269042627,A+,2025-06-04 18:19:03.766570
67334a59d052c3fbabd8351f,1976-07-14,1976,7,Wednesday,tesseract,long,1970s,train,30452,30207,long,ocr_text,99.60665269042627,A+,2025-06-04 18:19:03.766570
67334ab1d052c3fbabd83528,1976-07-30,1976,7,Friday,tesseract,long,1970s,train,28797,28461,long,ocr_text,99.60665269042627,A+,2025-06-04 18:19:03.766570
67334ad5d052c3fbabd8352c,1976-08-02,1976,8,Monday,tesseract,long,1970s,train,53093,52059,long,ocr_text,99.60665269042627,A+,2025-06-04 18:19:03.766570
67334af5d052c3fbabd83530,1976-10-26,1976,10,Tuesday,googlevision,long,1970s,train,18088,17530,long,ocr_text,99.60665269042627,A+,2025-06-04 18:19:03.766570
67334afad052c3fbabd83531,1976-11-04,1976,11,Thursday,tesseract,long,1970s,train,27119,26992,long,ocr_text,99.60665269042627,A+,2025-06-04 18:19:03.766570
67334b64d052c3fbabd8353e,1976-11-16,1976,11,Tuesday,tesseract,long,1970s,train,24724,24360,long,ocr_text,99.60665269042627,A+,2025-06-04 18:19:03.766570
67334b6dd052c3fbabd8353f,1976-11-19,1976,11,Friday,tesseract,long,1970s,train,28360,28283,long,ocr_text,99.60665269042627,A+,2025-06-04 18:19:03.766570
67334bd0d052c3fbabd83549,1976-12-07,1976,12,Tuesday,tesseract,long,1970s,train,38456,38586,long,ocr_text,99.60665269042627,A+,2025-06-04 18:19:03.766570
67334c8cd052c3fbabd8355d,1977-04-05,1977,4,Tuesday,tesseract,long,1970s,train,29823,29385,long,ocr_text,99.60665269042627,A+,2025-06-04 18:19:03.766570
67334d2bd052c3fbabd8356d,1977-10-26,1977,10,Wednesday,tesseract,long,1970s,train,25647,25818,long,ocr_text,99.60665269042627,A+,2025-06-04 18:19:03.766570
67334d62d052c3fbabd83574,1977-10-25,1977,10,Tuesday,tesseract,long,1970s,train,28791,29193,long,ocr_text,99.60665269042627,A+,2025-06-04 18:19:03.766570
67334da6d052c3fbabd8357c,1977-11-17,1977,11,Thursday,tesseract,long,1970s,train,29269,29896,long,ocr_text,99.60665269042627,A+,2025-06-04 18:19:03.766570
67334df6d052c3fbabd83583,1977-11-28,1977,11,Monday,tesseract,long,1970s,train,25310,25489,long,ocr_text,99.60665269042627,A+,2025-06-04 18:19:03.766570
67334dfad052c3fbabd83584,1977-11-30,1977,11,Wednesday,tesseract,long,1970s,train,26058,26276,long,ocr_text,99.60665269042627,A+,2025-06-04 18:19:03.766570
67334ed4d052c3fbabd8359e,1978-04-04,1978,4,Tuesday,tesseract,long,1970s,train,32087,31345,long,ocr_text,99.60665269042627,A+,2025-06-04 18:19:03.766570
67335008d052c3fbabd835ba,1978-11-22,1978,11,Wednesday,tesseract,long,1970s,train,27052,26707,long,ocr_text,99.60665269042627,A+,2025-06-04 18:19:03.766570
673350bad052c3fbabd835ce,1979-03-23,1979,3,Friday,tesseract,long,1970s,train,36579,36200,long,ocr_text,99.60665269042627,A+,2025-06-04 18:19:03.766570
67335183d052c3fbabd835e3,1979-06-25,1979,6,Monday,googlevision,long,1970s,train,29950,29609,long,ocr_text,99.60665269042627,A+,2025-06-04 18:19:03.766570
673351a1d052c3fbabd835e5,1979-06-26,1979,6,Tuesday,googlevision,long,1970s,train,31062,30538,long,ocr_text,99.60665269042627,A+,2025-06-04 18:19:03.766570
673351b7d052c3fbabd835e7,1979-10-08,1979,10,Monday,tesseract,long,1970s,train,11167,11549,long,ocr_text,99.60665269042627,A+,2025-06-04 18:19:03.766570
673351dcd052c3fbabd835ea,1979-10-17,1979,10,Wednesday,googlevision,long,1970s,train,27501,26712,long,ocr_text,99.60665269042627,A+,2025-06-04 18:19:03.766570
673352cbd052c3fbabd83604,1979-12-03,1979,12,Monday,tesseract,long,1970s,train,33340,32922,long,ocr_text,99.60665269042627,A+,2025-06-04 18:19:03.766570
673352f2d052c3fbabd83609,1979-12-10,1979,12,Monday,tesseract,long,1970s,train,24339,25485,long,ocr_text,99.60665269042627,A+,2025-06-04 18:19:03.766570
67335383d052c3fbabd83614,1980-04-03,1980,4,Thursday,tesseract,long,1980s,train,32608,31985,long,ocr_text,99.60665269042627,A+,2025-06-04 18:19:03.766570
673353c8d052c3fbabd8361a,1980-03-26,1980,3,Wednesday,tesseract,long,1980s,train,34243,33910,long,ocr_text,99.60665269042627,A+,2025-06-04 18:19:03.766570
673353fbd052c3fbabd8361f,1980-06-09,1980,6,Monday,tesseract,long,1980s,train,35238,35103,long,ocr_text,99.60665269042627,A+,2025-06-04 18:19:03.766570
67335432d052c3fbabd83622,1980-06-13,1980,6,Friday,tesseract,long,1980s,train,35058,35105,long,ocr_text,99.60665269042627,A+,2025-06-04 18:19:03.766570
6733543cd052c3fbabd83625,1980-06-19,1980,6,Thursday,tesseract,long,1980s,train,37144,37096,long,ocr_text,99.60665269042627,A+,2025-06-04 18:19:03.766570
673354f3d052c3fbabd83634,1980-11-17,1980,11,Monday,tesseract,long,1980s,train,29938,29488,long,ocr_text,99.60665269042627,A+,2025-06-04 18:19:03.766570
673355ddd052c3fbabd8364d,1980-12-08,1980,12,Monday,tesseract,long,1980s,train,38312,38212,long,ocr_text,99.60665269042627,A+,2025-06-04 18:19:03.766570
67335780d052c3fbabd83670,1981-11-03,1981,11,Tuesday,tesseract,long,1980s,train,29205,30287,long,ocr_text,99.60665269042627,A+,2025-06-04 18:19:03.766570
673357d4d052c3fbabd8367b,1981-11-06,1981,11,Friday,googlevision,long,1980s,train,28258,28256,long,ocr_text,99.60665269042627,A+,2025-06-04 18:19:03.766570
673358ded052c3fbabd83690,1982-03-19,1982,3,Friday,tesseract,long,1980s,train,35680,36660,long,ocr_text,99.60665269042627,A+,2025-06-04 18:19:03.766570
673358e6d052c3fbabd83692,1982-03-18,1982,3,Thursday,googlevision,long,1980s,train,37958,37848,long,ocr_text,99.60665269042627,A+,2025-06-04 18:19:03.766570
673358f1d052c3fbabd83695,1982-03-15,1982,3,Monday,tesseract,long,1980s,train,36879,38620,long,ocr_text,99.60665269042627,A+,2025-06-04 18:19:03.766570
67335922d052c3fbabd83699,1982-10-13,1982,10,Wednesday,tesseract,long,1980s,train,28829,30139,long,ocr_text,99.60665269042627,A+,2025-06-04 18:19:03.766570
67335a19d052c3fbabd836b3,1982-11-17,1982,11,Wednesday,tesseract,long,1980s,train,30524,32415,long,ocr_text,99.60665269042627,A+,2025-06-04 18:19:03.766570
67335a73d052c3fbabd836bc,1982-12-07,1982,12,Tuesday,tesseract,long,1980s,train,28443,29503,long,ocr_text,99.60665269042627,A+,2025-06-04 18:19:03.766570
67335b19d052c3fbabd836c9,1983-03-24,1983,3,Thursday,tesseract,long,1980s,train,34564,36421,long,ocr_text,99.60665269042627,A+,2025-06-04 18:19:03.766570
67335c4ad052c3fbabd836e9,1983-11-02,1983,11,Wednesday,googlevision,long,1980s,train,28081,27558,long,ocr_text,99.60665269042627,A+,2025-06-04 18:19:03.766570
67335c78d052c3fbabd836f0,1983-11-08,1983,11,Tuesday,googlevision,long,1980s,train,34279,33651,long,ocr_text,99.60665269042627,A+,2025-06-04 18:19:03.766570
67335cb3d052c3fbabd836f5,1983-11-22,1983,11,Tuesday,tesseract,long,1980s,train,27430,29013,long,ocr_text,99.60665269042627,A+,2025-06-04 18:19:03.766570
67335ce6d052c3fbabd836fb,1983-12-01,1983,12,Thursday,googlevision,long,1980s,train,24005,23731,long,ocr_text,99.60665269042627,A+,2025-06-04 18:19:03.766570
67335dded052c3fbabd83713,1984-07-19,1984,7,Thursday,tesseract,medium,1980s,train,2498,24666,long,ocr_text,99.60665269042627,A+,2025-06-04 18:19:03.766570
67335e3ad052c3fbabd83720,1984-10-19,1984,10,Friday,tesseract,long,1980s,train,12871,13498,long,ocr_text,99.60665269042627,A+,2025-06-04 18:19:03.766570
67335e86d052c3fbabd8372a,1984-10-29,1984,10,Monday,tesseract,long,1980s,train,25193,26654,long,ocr_text,99.60665269042627,A+,2025-06-04 18:19:03.766570
67335ea9d052c3fbabd8372c,1984-10-31,1984,10,Wednesday,tesseract,long,1980s,train,29920,31703,long,ocr_text,99.60665269042627,A+,2025-06-04 18:19:03.766570
67335ed5d052c3fbabd83732,1984-11-13,1984,11,Tuesday,tesseract,long,1980s,train,24765,25964,long,ocr_text,99.60665269042627,A+,2025-06-04 18:19:03.766570
67335f20d052c3fbabd83737,1984-11-19,1984,11,Monday,tesseract,long,1980s,train,25305,26769,long,ocr_text,99.60665269042627,A+,2025-06-04 18:19:03.766570
67335f54d052c3fbabd8373f,1984-11-30,1984,11,Friday,tesseract,long,1980s,train,30944,32888,long,ocr_text,99.60665269042627,A+,2025-06-04 18:19:03.766570
67335fb5d052c3fbabd83745,1985-04-01,1985,4,Monday,tesseract,long,1980s,train,33107,34884,long,ocr_text,99.60665269042627,A+,2025-06-04 18:19:03.766570
673360d2d052c3fbabd83760,1985-10-24,1985,10,Thursday,tesseract,long,1980s,train,26943,28528,long,ocr_text,99.60665269042627,A+,2025-06-04 18:19:03.766570
67336138d052c3fbabd83769,1985-11-04,1985,11,Monday,tesseract,long,1980s,train,28537,30061,long,ocr_text,99.60665269042627,A+,2025-06-04 18:19:03.766570
6733613cd052c3fbabd8376d,1985-11-06,1985,11,Wednesday,tesseract,long,1980s,train,29477,31196,long,ocr_text,99.60665269042627,A+,2025-06-04 18:19:03.766570
67336235d052c3fbabd83786,1986-03-20,1986,3,Thursday,tesseract,long,1980s,train,40166,42227,long,ocr_text,99.60665269042627,A+,2025-06-04 18:19:03.766570
673362bcd052c3fbabd83793,1986-04-08,1986,4,Tuesday,tesseract,long,1980s,train,42829,45222,long,ocr_text,99.60665269042627,A+,2025-06-04 18:19:03.766570
67336302d052c3fbabd83799,1986-10-14,1986,10,Tuesday,tesseract,long,1980s,train,30676,32242,long,ocr_text,99.60665269042627,A+,2025-06-04 18:19:03.766570
673363dad052c3fbabd837b1,1986-11-20,1986,11,Thursday,tesseract,long,1980s,train,28470,30104,long,ocr_text,99.60665269042627,A+,2025-06-04 18:19:03.766570
6733645cd052c3fbabd837bd,1986-11-03,1986,11,Monday,tesseract,long,1980s,train,28951,31032,long,ocr_text,99.60665269042627,A+,2025-06-04 18:19:03.766570
67336619d052c3fbabd837da,1987-10-22,1987,10,Thursday,tesseract,long,1980s,train,27763,32773,long,ocr_text,99.60665269042627,A+,2025-06-04 18:19:03.766570
67336644d052c3fbabd837de,1987-10-27,1987,10,Tuesday,tesseract,long,1980s,train,34362,36030,long,ocr_text,99.60665269042627,A+,2025-06-04 18:19:03.766570
6733664ad052c3fbabd837df,1987-11-02,1987,11,Monday,tesseract,long,1980s,train,32333,34101,long,ocr_text,99.60665269042627,A+,2025-06-04 18:19:03.766570
673366a2d052c3fbabd837e7,1987-11-03,1987,11,Tuesday,tesseract,long,1980s,train,30601,31976,long,ocr_text,99.60665269042627,A+,2025-06-04 18:19:03.766570
673366c2d052c3fbabd837eb,1987-11-17,1987,11,Tuesday,tesseract,long,1980s,train,30506,32176,long,ocr_text,99.60665269042627,A+,2025-06-04 18:19:03.766570
673367b8d052c3fbabd83800,1988-03-17,1988,3,Thursday,googlevision,long,1980s,train,38506,38208,long,ocr_text,99.60665269042627,A+,2025-06-04 18:19:03.766570
67336866d052c3fbabd8380f,1988-07-06,1988,7,Wednesday,googlevision,long,1980s,train,39950,38205,long,ocr_text,99.60665269042627,A+,2025-06-04 18:19:03.766570
67336887d052c3fbabd83812,1988-06-28,1988,6,Tuesday,googlevision,long,1980s,train,43300,42223,long,ocr_text,99.60665269042627,A+,2025-06-04 18:19:03.766570
67336936d052c3fbabd83821,1988-11-04,1988,11,Friday,tesseract,long,1980s,train,28073,29592,long,ocr_text,99.60665269042627,A+,2025-06-04 18:19:03.766570
67336a29d052c3fbabd83834,1988-11-30,1988,11,Wednesday,tesseract,long,1980s,train,38272,40340,long,ocr_text,99.60665269042627,A+,2025-06-04 18:19:03.766570
67336a99d052c3fbabd8383a,1989-03-13,1989,3,Monday,tesseract,long,1980s,train,35527,37162,long,ocr_text,99.60665269042627,A+,2025-06-04 18:19:03.766570
67336b05d052c3fbabd83845,1989-03-09,1989,3,Thursday,tesseract,long,1980s,train,37363,38986,long,ocr_text,99.60665269042627,A+,2025-06-04 18:19:03.766570
67336ba5d052c3fbabd8384e,1989-06-22,1989,6,Thursday,tesseract,long,1980s,train,70625,73668,long,ocr_text,99.60665269042627,A+,2025-06-04 18:19:03.766570
67336baed052c3fbabd8384f,1989-07-04,1989,7,Tuesday,tesseract,long,1980s,train,32271,33727,long,ocr_text,99.60665269042627,A+,2025-06-04 18:19:03.766570
67336bfad052c3fbabd83856,1989-10-17,1989,10,Tuesday,tesseract,long,1980s,train,31724,33206,long,ocr_text,99.60665269042627,A+,2025-06-04 18:19:03.766570
67336c61d052c3fbabd8385e,1989-11-01,1989,11,Wednesday,tesseract,long,1980s,train,37264,38964,long,ocr_text,99.60665269042627,A+,2025-06-04 18:19:03.766570
67336c9bd052c3fbabd83861,1989-11-07,1989,11,Tuesday,tesseract,long,1980s,train,32922,34305,long,ocr_text,99.60665269042627,A+,2025-06-04 18:19:03.766570
67336caad052c3fbabd83865,1989-11-15,1989,11,Wednesday,tesseract,long,1980s,train,33959,35342,long,ocr_text,99.60665269042627,A+,2025-06-04 18:19:03.766570
67336d57d052c3fbabd83875,1989-12-11,1989,12,Monday,tesseract,long,1980s,train,42298,44475,long,ocr_text,99.60665269042627,A+,2025-06-04 18:19:03.766570
67336e0dd052c3fbabd8387d,1990-03-01,1990,3,Thursday,tesseract,long,1990s,train,40822,43120,long,ocr_text,99.60665269042627,A+,2025-06-04 18:19:03.766570
67336e50d052c3fbabd83883,1990-03-13,1990,3,Tuesday,tesseract,long,1990s,train,41658,42960,long,ocr_text,99.60665269042627,A+,2025-06-04 18:19:03.766570
67336ee0d052c3fbabd83889,1990-06-20,1990,6,Wednesday,tesseract,long,1990s,train,39614,41415,long,ocr_text,99.60665269042627,A+,2025-06-04 18:19:03.766570
67336ee6d052c3fbabd8388a,1990-06-14,1990,6,Thursday,tesseract,long,1990s,train,45016,46992,long,ocr_text,99.60665269042627,A+,2025-06-04 18:19:03.766570
67336f84d052c3fbabd83895,1990-12-12,1990,12,Wednesday,tesseract,long,1990s,train,31090,32223,long,ocr_text,99.60665269042627,A+,2025-06-04 18:19:03.766570
67337010d052c3fbabd838a4,1991-01-11,1991,1,Friday,tesseract,long,1990s,train,29114,30664,long,ocr_text,99.60665269042627,A+,2025-06-04 18:19:03.766570
673370cfd052c3fbabd838b4,1991-02-07,1991,2,Thursday,tesseract,long,1990s,train,26477,27794,long,ocr_text,99.60665269042627,A+,2025-06-04 18:19:03.766570
673370ded052c3fbabd838b8,1991-02-08,1991,2,Friday,tesseract,long,1990s,train,25790,27139,long,ocr_text,99.60665269042627,A+,2025-06-04 18:19:03.766570
6733710ad052c3fbabd838be,1991-02-13,1991,2,Wednesday,tesseract,long,1990s,train,41090,43188,long,ocr_text,99.60665269042627,A+,2025-06-04 18:19:03.766570
67337208d052c3fbabd838ce,1991-07-25,1991,7,Thursday,tesseract,long,1990s,train,36715,38794,long,ocr_text,99.60665269042627,A+,2025-06-04 18:19:03.766570
67337262d052c3fbabd838d6,1991-07-23,1991,7,Tuesday,tesseract,long,1990s,train,47692,50650,long,ocr_text,99.60665269042627,A+,2025-06-04 18:19:03.766570
67337374d052c3fbabd838eb,1991-11-28,1991,11,Thursday,tesseract,long,1990s,train,30582,32217,long,ocr_text,99.60665269042627,A+,2025-06-04 18:19:03.766570
67337511d052c3fbabd8390d,1992-05-07,1992,5,Thursday,tesseract,long,1990s,train,57738,61253,long,ocr_text,99.60665269042627,A+,2025-06-04 18:19:03.766570
673375b1d052c3fbabd83916,1992-08-04,1992,8,Tuesday,tesseract,long,1990s,train,61656,64848,long,ocr_text,99.60665269042627,A+,2025-06-04 18:19:03.766570
67337651d052c3fbabd83920,1992-11-03,1992,11,Tuesday,tesseract,long,1990s,train,35596,37442,long,ocr_text,99.60665269042627,A+,2025-06-04 18:19:03.766570
67337663d052c3fbabd83924,1992-10-29,1992,10,Thursday,tesseract,long,1990s,train,45807,48284,long,ocr_text,99.60665269042627,A+,2025-06-04 18:19:03.766570
6733769cd052c3fbabd83927,1992-11-16,1992,11,Monday,tesseract,long,1990s,train,38099,39520,long,ocr_text,99.60665269042627,A+,2025-06-04 18:19:03.766570
673376a0d052c3fbabd83929,1992-11-23,1992,11,Monday,tesseract,long,1990s,train,35520,36852,long,ocr_text,99.60665269042627,A+,2025-06-04 18:19:03.766570
673376f3d052c3fbabd8392d,1992-11-30,1992,11,Monday,tesseract,long,1990s,train,32522,33826,long,ocr_text,99.60665269042627,A+,2025-06-04 18:19:03.766570
67337732d052c3fbabd83934,1992-12-07,1992,12,Monday,tesseract,long,1990s,train,34839,36866,long,ocr_text,99.60665269042627,A+,2025-06-04 18:19:03.766570
673377f8d052c3fbabd83942,1992-12-23,1992,12,Wednesday,tesseract,long,1990s,train,47062,49550,long,ocr_text,99.60665269042627,A+,2025-06-04 18:19:03.766570
673378dfd052c3fbabd83952,1993-05-20,1993,5,Thursday,tesseract,long,1990s,train,61762,61966,long,ocr_text,99.60665269042627,A+,2025-06-04 18:19:03.766570
6733798bd052c3fbabd8395b,1993-07-22,1993,7,Thursday,tesseract,long,1990s,train,30666,29833,long,ocr_text,99.60665269042627,A+,2025-06-04 18:19:03.766570
67337aaed052c3fbabd83974,1993-11-15,1993,11,Monday,tesseract,long,1990s,train,30803,30896,long,ocr_text,99.60665269042627,A+,2025-06-04 18:19:03.766570
67337ab5d052c3fbabd83976,1993-11-23,1993,11,Tuesday,tesseract,long,1990s,train,27866,29452,long,ocr_text,99.60665269042627,A+,2025-06-04 18:19:03.766570
67337b35d052c3fbabd83981,1993-12-09,1993,12,Thursday,tesseract,long,1990s,train,39323,41485,long,ocr_text,99.60665269042627,A+,2025-06-04 18:19:03.766570
67337bb3d052c3fbabd8398c,1994-04-25,1994,4,Monday,tesseract,long,1990s,train,30121,31559,long,ocr_text,99.60665269042627,A+,2025-06-04 18:19:03.766570
67337bc0d052c3fbabd8398d,1994-04-18,1994,4,Monday,tesseract,long,1990s,train,28769,30170,long,ocr_text,99.60665269042627,A+,2025-06-04 18:19:03.766570
67337c90d052c3fbabd8399d,1994-07-12,1994,7,Tuesday,tesseract,long,1990s,train,29020,29942,long,ocr_text,99.60665269042627,A+,2025-06-04 18:19:03.766570
67337c99d052c3fbabd839a0,1994-07-11,1994,7,Monday,tesseract,long,1990s,train,34590,35019,long,ocr_text,99.60665269042627,A+,2025-06-04 18:19:03.766570
67337d3ad052c3fbabd839a9,1994-10-26,1994,10,Wednesday,tesseract,long,1990s,train,30465,31921,long,ocr_text,99.60665269042627,A+,2025-06-04 18:19:03.766570
67337d46d052c3fbabd839ab,1994-10-31,1994,10,Monday,tesseract,long,1990s,train,28612,30072,long,ocr_text,99.60665269042627,A+,2025-06-04 18:19:03.766570
67337d48d052c3fbabd839ac,1994-10-19,1994,10,Wednesday,tesseract,long,1990s,train,33422,34913,long,ocr_text,99.60665269042627,A+,2025-06-04 18:19:03.766570
67337d8ad052c3fbabd839b2,1994-11-07,1994,11,Monday,googlevision,long,1990s,train,32545,31759,long,ocr_text,99.60665269042627,A+,2025-06-04 18:19:03.766570
67337d93d052c3fbabd839b4,1994-11-14,1994,11,Monday,googlevision,long,1990s,train,31963,31537,long,ocr_text,99.60665269042627,A+,2025-06-04 18:19:03.766570
67337f0ed052c3fbabd839d1,1995-06-20,1995,6,Tuesday,tesseract,long,1990s,train,29933,31288,long,ocr_text,99.60665269042627,A+,2025-06-04 18:19:03.766570
67337fb3d052c3fbabd839e1,1995-08-21,1995,8,Monday,tesseract,long,1990s,train,33136,34387,long,ocr_text,99.60665269042627,A+,2025-06-04 18:19:03.766570
67337fbdd052c3fbabd839e3,1995-08-23,1995,8,Wednesday,tesseract,long,1990s,train,34243,36238,long,ocr_text,99.60665269042627,A+,2025-06-04 18:19:03.766570
67338030d052c3fbabd839ed,1995-10-18,1995,10,Wednesday,tesseract,long,1990s,train,28728,30269,long,ocr_text,99.60665269042627,A+,2025-06-04 18:19:03.766570
673380bad052c3fbabd839f6,1995-11-06,1995,11,Monday,tesseract,long,1990s,train,45263,47398,long,ocr_text,99.60665269042627,A+,2025-06-04 18:19:03.766570
673380d9d052c3fbabd839fb,1995-11-22,1995,11,Wednesday,tesseract,long,1990s,train,27373,28728,long,ocr_text,99.60665269042627,A+,2025-06-04 18:19:03.766570
67338169d052c3fbabd83a09,1995-12-13,1995,12,Wednesday,tesseract,long,1990s,train,37999,39872,long,ocr_text,99.60665269042627,A+,2025-06-04 18:19:03.766570
67338215d052c3fbabd83a15,1996-04-03,1996,4,Wednesday,tesseract,long,1990s,train,28889,30289,long,ocr_text,99.60665269042627,A+,2025-06-04 18:19:03.766570
6733827dd052c3fbabd83a21,1996-04-22,1996,4,Monday,tesseract,long,1990s,train,32749,34367,long,ocr_text,99.60665269042627,A+,2025-06-04 18:19:03.766570
67338335d052c3fbabd83a2f,1996-07-16,1996,7,Tuesday,tesseract,long,1990s,train,29184,30653,long,ocr_text,99.60665269042627,A+,2025-06-04 18:19:03.766570
67338378d052c3fbabd83a38,1996-07-23,1996,7,Tuesday,tesseract,long,1990s,train,50492,52582,long,ocr_text,99.60665269042627,A+,2025-06-04 18:19:03.766570
6733838ed052c3fbabd83a3a,1996-07-30,1996,7,Tuesday,tesseract,long,1990s,train,51185,53520,long,ocr_text,99.60665269042627,A+,2025-06-04 18:19:03.766570
673383a8d052c3fbabd83a3d,1996-10-14,1996,10,Monday,tesseract,long,1990s,train,28803,30280,long,ocr_text,99.60665269042627,A+,2025-06-04 18:19:03.766570
673383b8d052c3fbabd83a3f,1996-10-25,1996,10,Friday,tesseract,long,1990s,train,11459,12125,long,ocr_text,99.60665269042627,A+,2025-06-04 18:19:03.766570
67338472d052c3fbabd83a4c,1996-11-05,1996,11,Tuesday,tesseract,long,1990s,train,44021,46234,long,ocr_text,99.60665269042627,A+,2025-06-04 18:19:03.766570
673384fbd052c3fbabd83a57,1996-12-03,1996,12,Tuesday,tesseract,long,1990s,train,35491,37178,long,ocr_text,99.60665269042627,A+,2025-06-04 18:19:03.766570
67338502d052c3fbabd83a59,1996-12-02,1996,12,Monday,tesseract,long,1990s,train,42658,44771,long,ocr_text,99.60665269042627,A+,2025-06-04 18:19:03.766570
67338569d052c3fbabd83a61,1996-12-18,1996,12,Wednesday,tesseract,long,1990s,train,43355,45571,long,ocr_text,99.60665269042627,A+,2025-06-04 18:19:03.766570
6733868ad052c3fbabd83a70,1997-04-15,1997,4,Tuesday,tesseract,long,1990s,train,26426,27713,long,ocr_text,99.60665269042627,A+,2025-06-04 18:19:03.766570
673386a1d052c3fbabd83a71,1997-04-16,1997,4,Wednesday,tesseract,long,1990s,train,29246,30737,long,ocr_text,99.60665269042627,A+,2025-06-04 18:19:03.766570
67338794d052c3fbabd83a86,1997-07-22,1997,7,Tuesday,tesseract,long,1990s,train,33591,35257,long,ocr_text,99.60665269042627,A+,2025-06-04 18:19:03.766570
673387d2d052c3fbabd83a8e,1997-10-17,1997,10,Friday,tesseract,short,1990s,train,372,369,short,ocr_text,99.60665269042627,A+,2025-06-04 18:19:03.766570
6733888dd052c3fbabd83a9f,1997-11-06,1997,11,Thursday,tesseract,long,1990s,train,31958,33751,long,ocr_text,99.60665269042627,A+,2025-06-04 18:19:03.766570
673389afd052c3fbabd83ab6,1997-12-15,1997,12,Monday,tesseract,long,1990s,train,45835,48110,long,ocr_text,99.60665269042627,A+,2025-06-04 18:19:03.766570
67338a52d052c3fbabd83ac4,1998-04-08,1998,4,Wednesday,pdfplumber,long,1990s,train,46263,46263,long,content_text,99.60665269042627,A+,2025-06-04 18:19:03.766570
67338a98d052c3fbabd83ac8,1998-04-23,1998,4,Thursday,pdfplumber,long,1990s,train,26695,26695,long,content_text,99.60665269042627,A+,2025-06-04 18:19:03.766570
67338ad2d052c3fbabd83ad2,1998-05-06,1998,5,Wednesday,pdfplumber,long,1990s,train,42548,42548,long,content_text,99.60665269042627,A+,2025-06-04 18:19:03.766570
67338be3d052c3fbabd83ae9,1998-10-22,1998,10,Thursday,pdfplumber,long,1990s,train,40195,40195,long,content_text,99.60665269042627,A+,2025-06-04 18:19:03.766570
67338cdfd052c3fbabd83afa,1998-11-30,1998,11,Monday,pdfplumber,long,1990s,train,39199,39199,long,content_text,99.60665269042627,A+,2025-06-04 18:19:03.766570
67338d71d052c3fbabd83b06,1999-04-14,1999,4,Wednesday,pdfplumber,long,1990s,train,42185,42185,long,content_text,99.60665269042627,A+,2025-06-04 18:19:03.766570
67338df0d052c3fbabd83b0f,1999-05-05,1999,5,Wednesday,pdfplumber,long,1990s,train,40140,40140,long,content_text,99.60665269042627,A+,2025-06-04 18:19:03.766570
67338e9ad052c3fbabd83b1d,1999-07-20,1999,7,Tuesday,pdfplumber,long,1990s,train,48284,48284,long,content_text,99.60665269042627,A+,2025-06-04 18:19:03.766570
67338ec4d052c3fbabd83b20,1999-10-20,1999,10,Wednesday,pdfplumber,long,1990s,train,41195,41195,long,content_text,99.60665269042627,A+,2025-06-04 18:19:03.766570
67338f2cd052c3fbabd83b23,1999-11-03,1999,11,Wednesday,pdfplumber,long,1990s,train,41837,41837,long,content_text,99.60665269042627,A+,2025-06-04 18:19:03.766570
67339095d052c3fbabd83b43,2000-03-13,2000,3,Monday,pdfplumber,long,2000s,train,62684,62684,long,content_text,99.60665269042627,A+,2025-06-04 18:19:03.766570
673390ead052c3fbabd83b44,2000-03-30,2000,3,Thursday,pdfplumber,long,2000s,train,40783,40783,long,content_text,99.60665269042627,A+,2025-06-04 18:19:03.766570
67339122d052c3fbabd83b4d,2000-03-29,2000,3,Wednesday,pdfplumber,long,2000s,train,58939,58939,long,content_text,99.60665269042627,A+,2025-06-04 18:19:03.766570
67339394d052c3fbabd83b72,2000-11-14,2000,11,Tuesday,pdfplumber,long,2000s,train,62590,62590,long,content_text,99.60665269042627,A+,2025-06-04 18:19:03.766570
673393ded052c3fbabd83b75,2000-11-15,2000,11,Wednesday,pdfplumber,long,2000s,train,85847,85847,long,content_text,99.60665269042627,A+,2025-06-04 18:19:03.766570
67339470d052c3fbabd83b7b,2000-12-05,2000,12,Tuesday,pdfplumber,long,2000s,train,45645,45645,long,content_text,99.60665269042627,A+,2025-06-04 18:19:03.766570
67339480d052c3fbabd83b7f,2000-12-07,2000,12,Thursday,pdfplumber,long,2000s,train,46158,46158,long,content_text,99.60665269042627,A+,2025-06-04 18:19:03.766570
673394a9d052c3fbabd83b83,2000-12-13,2000,12,Wednesday,pdfplumber,long,2000s,train,53078,53078,long,content_text,99.60665269042627,A+,2025-06-04 18:19:03.766570
67346bc5538e3ad97ae5deaf,2001-10-19,2001,10,Friday,pdfplumber,long,2000s,train,13864,13864,long,content_text,99.60665269042627,A+,2025-06-04 18:19:03.766570
67346c1c538e3ad97ae5deb4,2001-10-29,2001,10,Monday,pdfplumber,long,2000s,train,45097,45097,long,content_text,99.60665269042627,A+,2025-06-04 18:19:03.766570
67346c41538e3ad97ae5deb6,2001-10-31,2001,10,Wednesday,pdfplumber,long,2000s,train,49657,49657,long,content_text,99.60665269042627,A+,2025-06-04 18:19:03.766570
67346cad538e3ad97ae5debb,2001-11-08,2001,11,Thursday,pdfplumber,long,2000s,train,45360,45360,long,content_text,99.60665269042627,A+,2025-06-04 18:19:03.766570
67346de9538e3ad97ae5dec9,2002-03-12,2002,3,Tuesday,pdfplumber,long,2000s,train,50093,50093,long,content_text,99.60665269042627,A+,2025-06-04 18:19:03.766570
67346e86538e3ad97ae5ded3,2002-04-02,2002,4,Tuesday,pdfplumber,long,2000s,train,67185,67185,long,content_text,99.60665269042627,A+,2025-06-04 18:19:03.766570
67346e9d538e3ad97ae5ded4,2002-04-03,2002,4,Wednesday,pdfplumber,long,2000s,train,67621,67621,long,content_text,99.60665269042627,A+,2025-06-04 18:19:03.766570
67346f61538e3ad97ae5dedd,2002-06-26,2002,6,Wednesday,pdfplumber,long,2000s,train,51076,51076,long,content_text,99.60665269042627,A+,2025-06-04 18:19:03.766570
67346fdd538e3ad97ae5dee1,2002-09-16,2002,9,Monday,pdfplumber,long,2000s,train,47786,47786,long,content_text,99.60665269042627,A+,2025-06-04 18:19:03.766570
67347230538e3ad97ae5df00,2003-03-11,2003,3,Tuesday,pdfplumber,long,2000s,train,56734,56734,long,content_text,99.60665269042627,A+,2025-06-04 18:19:03.766570
673473ab538e3ad97ae5df13,2003-06-17,2003,6,Tuesday,pdfplumber,long,2000s,train,47673,47673,long,content_text,99.60665269042627,A+,2025-06-04 18:19:03.766570
673473f9538e3ad97ae5df17,2003-06-24,2003,6,Tuesday,pdfplumber,long,2000s,train,55107,55107,long,content_text,99.60665269042627,A+,2025-06-04 18:19:03.766570
67347622538e3ad97ae5df34,2003-10-15,2003,10,Wednesday,pdfplumber,long,2000s,train,56234,56234,long,content_text,99.60665269042627,A+,2025-06-04 18:19:03.766570
67347795538e3ad97ae5df43,2004-05-17,2004,5,Monday,pdfplumber,medium,2000s,train,7539,7539,medium,content_text,99.60665269042627,A+,2025-06-04 18:19:03.766570
6734784f538e3ad97ae5df4e,2004-06-03,2004,6,Thursday,pdfplumber,long,2000s,train,40444,40444,long,content_text,99.60665269042627,A+,2025-06-04 18:19:03.766570
67347999538e3ad97ae5df5f,2004-09-02,2004,9,Thursday,pdfplumber,long,2000s,train,43629,43629,long,content_text,99.60665269042627,A+,2025-06-04 18:19:03.766570
673479fb538e3ad97ae5df66,2004-09-14,2004,9,Tuesday,pdfplumber,long,2000s,train,45015,45015,long,content_text,99.60665269042627,A+,2025-06-04 18:19:03.766570
67347a6b538e3ad97ae5df6d,2004-09-27,2004,9,Monday,pdfplumber,long,2000s,train,57036,57036,long,content_text,99.60665269042627,A+,2025-06-04 18:19:03.766570
67347a7d538e3ad97ae5df6e,2004-09-28,2004,9,Tuesday,pdfplumber,long,2000s,train,59514,59514,long,content_text,99.60665269042627,A+,2025-06-04 18:19:03.766570
67347ba5538e3ad97ae5df7e,2004-11-30,2004,11,Tuesday,pdfplumber,long,2000s,train,47765,47765,long,content_text,99.60665269042627,A+,2025-06-04 18:19:03.766570
67347bc3538e3ad97ae5df80,2004-12-02,2004,12,Thursday,pdfplumber,long,2000s,train,45774,45774,long,content_text,99.60665269042627,A+,2025-06-04 18:19:03.766570
67347cc7538e3ad97ae5df8c,2005-03-28,2005,3,Monday,pdfplumber,long,2000s,train,51169,51169,long,content_text,99.60665269042627,A+,2025-06-04 18:19:03.766570
67347df7538e3ad97ae5df9b,2005-06-23,2005,6,Thursday,pdfplumber,long,2000s,train,47933,47933,long,content_text,99.60665269042627,A+,2025-06-04 18:19:03.766570
67347f1b538e3ad97ae5dfa8,2005-09-29,2005,9,Thursday,pdfplumber,long,2000s,train,48935,48935,long,content_text,99.60665269042627,A+,2025-06-04 18:19:03.766570
67347f4e538e3ad97ae5dfac,2005-10-05,2005,10,Wednesday,pdfplumber,long,2000s,train,49154,49154,long,content_text,99.60665269042627,A+,2025-06-04 18:19:03.766570
6734801a538e3ad97ae5dfb5,2005-11-22,2005,11,Tuesday,pdfplumber,long,2000s,train,64429,64429,long,content_text,99.60665269042627,A+,2025-06-04 18:19:03.766570
67348141538e3ad97ae5dfc0,2006-03-14,2006,3,Tuesday,pdfplumber,long,2000s,train,50179,50179,long,content_text,99.60665269042627,A+,2025-06-04 18:19:03.766570
67348301538e3ad97ae5dfd9,2006-04-26,2006,4,Wednesday,pdfplumber,long,2000s,train,86661,86661,long,content_text,99.60665269042627,A+,2025-06-04 18:19:03.766570
6734841e538e3ad97ae5dfe8,2006-07-10,2006,7,Monday,pdfplumber,long,2000s,train,48597,48597,long,content_text,99.60665269042627,A+,2025-06-04 18:19:03.766570
673485a3538e3ad97ae5dffe,2006-09-18,2006,9,Monday,pdfplumber,long,2000s,train,53488,53488,long,content_text,99.60665269042627,A+,2025-06-04 18:19:03.766570
67348687538e3ad97ae5e009,2006-11-16,2006,11,Thursday,pdfplumber,long,2000s,train,42426,42426,long,content_text,99.60665269042627,A+,2025-06-04 18:19:03.766570
673486a5538e3ad97ae5e00b,2006-11-21,2006,11,Tuesday,pdfplumber,long,2000s,train,47245,47245,long,content_text,99.60665269042627,A+,2025-06-04 18:19:03.766570
67348751538e3ad97ae5e015,2006-12-07,2006,12,Thursday,pdfplumber,long,2000s,train,46167,46167,long,content_text,99.60665269042627,A+,2025-06-04 18:19:03.766570
67348ae8538e3ad97ae5e031,2008-06-26,2008,6,Thursday,pdfplumber,long,2000s,train,20595,20595,long,content_text,99.60665269042627,A+,2025-06-04 18:19:03.766570
67348af8538e3ad97ae5e032,2008-06-30,2008,6,Monday,pdfplumber,long,2000s,train,49810,49810,long,content_text,99.60665269042627,A+,2025-06-04 18:19:03.766570
67348c2b538e3ad97ae5e040,2008-08-20,2008,8,Wednesday,pdfplumber,long,2000s,train,46131,46131,long,content_text,99.60665269042627,A+,2025-06-04 18:19:03.766570
67348d9b538e3ad97ae5e053,2008-11-05,2008,11,Wednesday,pdfplumber,long,2000s,train,46609,46609,long,content_text,99.60665269042627,A+,2025-06-04 18:19:03.766570
67348dd7538e3ad97ae5e057,2008-11-12,2008,11,Wednesday,pdfplumber,long,2000s,train,41843,41843,long,content_text,99.60665269042627,A+,2025-06-04 18:19:03.766570
67348fec538e3ad97ae5e070,2009-02-24,2009,2,Tuesday,pdfplumber,long,2000s,train,62530,62530,long,content_text,99.60665269042627,A+,2025-06-04 18:19:03.766570
673491be538e3ad97ae5e085,2009-06-24,2009,6,Wednesday,pdfplumber,long,2000s,train,65282,65282,long,content_text,99.60665269042627,A+,2025-06-04 18:19:03.766570
673491cf538e3ad97ae5e086,2009-06-25,2009,6,Thursday,pdfplumber,long,2000s,train,51449,51449,long,content_text,99.60665269042627,A+,2025-06-04 18:19:03.766570
67349222538e3ad97ae5e08a,2009-07-02,2009,7,Thursday,pdfplumber,long,2000s,train,84383,84383,long,content_text,99.60665269042627,A+,2025-06-04 18:19:03.766570
6734927c538e3ad97ae5e08b,2009-10-19,2009,10,Monday,pdfplumber,long,2000s,train,43845,43845,long,content_text,99.60665269042627,A+,2025-06-04 18:19:03.766570
67349342538e3ad97ae5e097,2009-11-05,2009,11,Thursday,pdfplumber,long,2000s,train,44751,44751,long,content_text,99.60665269042627,A+,2025-06-04 18:19:03.766570
673493dd538e3ad97ae5e09e,2009-11-18,2009,11,Wednesday,pdfplumber,long,2000s,train,53735,53735,long,content_text,99.60665269042627,A+,2025-06-04 18:19:03.766570
67349509538e3ad97ae5e0ac,2009-12-15,2009,12,Tuesday,tesseract,long,2000s,train,77353,81049,long,ocr_text,99.60665269042627,A+,2025-06-04 18:19:03.766570
67349740538e3ad97ae5e0c5,2010-04-21,2010,4,Wednesday,pdfplumber,long,2010s,train,70386,70386,long,content_text,99.60665269042627,A+,2025-06-04 18:19:03.766570
673498aa538e3ad97ae5e0d8,2010-07-06,2010,7,Tuesday,pdfplumber,long,2010s,train,48449,48449,long,content_text,99.60665269042627,A+,2025-06-04 18:19:03.766570
67349955538e3ad97ae5e0df,2010-10-12,2010,10,Tuesday,pdfplumber,long,2010s,train,45227,45227,long,content_text,99.60665269042627,A+,2025-06-04 18:19:03.766570
67349a91538e3ad97ae5e0f1,2010-11-11,2010,11,Thursday,pdfplumber,long,2010s,train,45445,45445,long,content_text,99.60665269042627,A+,2025-06-04 18:19:03.766570
67349ba5538e3ad97ae5e0ff,2010-12-15,2010,12,Wednesday,pdfplumber,long,2010s,train,96880,96880,long,content_text,99.60665269042627,A+,2025-06-04 18:19:03.766570
67349c8b538e3ad97ae5e109,2011-03-22,2011,3,Tuesday,pdfplumber,long,2010s,train,81272,81272,long,content_text,99.60665269042627,A+,2025-06-04 18:19:03.766570
67349d1a538e3ad97ae5e111,2011-04-05,2011,4,Tuesday,pdfplumber,long,2010s,train,57522,57522,long,content_text,99.60665269042627,A+,2025-06-04 18:19:03.766570
67349e32538e3ad97ae5e11d,2011-06-28,2011,6,Tuesday,pdfplumber,long,2010s,train,70678,70678,long,content_text,99.60665269042627,A+,2025-06-04 18:19:03.766570
67349f7a538e3ad97ae5e12a,2011-10-19,2011,10,Wednesday,pdfplumber,long,2010s,train,76042,76042,long,content_text,99.60665269042627,A+,2025-06-04 18:19:03.766570
67349fa3538e3ad97ae5e12c,2011-10-24,2011,10,Monday,pdfplumber,long,2010s,train,85618,85618,long,content_text,99.60665269042627,A+,2025-06-04 18:19:03.766570
67349fc2538e3ad97ae5e12d,2011-10-31,2011,10,Monday,pdfplumber,long,2010s,train,91609,91609,long,content_text,99.60665269042627,A+,2025-06-04 18:19:03.766570
6734a117538e3ad97ae5e13d,2011-11-30,2011,11,Wednesday,pdfplumber,long,2010s,train,93129,93129,long,content_text,99.60665269042627,A+,2025-06-04 18:19:03.766570
6734a1c1538e3ad97ae5e143,2012-03-19,2012,3,Monday,pdfplumber,long,2010s,train,67918,67918,long,content_text,99.60665269042627,A+,2025-06-04 18:19:03.766570
6734a202538e3ad97ae5e146,2012-03-22,2012,3,Thursday,pdfplumber,long,2010s,train,50141,50141,long,content_text,99.60665269042627,A+,2025-06-04 18:19:03.766570
6734a2ee538e3ad97ae5e151,2012-04-16,2012,4,Monday,pdfplumber,long,2010s,train,84012,84012,long,content_text,99.60665269042627,A+,2025-06-04 18:19:03.766570
6734a50a538e3ad97ae5e167,2012-10-02,2012,10,Tuesday,pdfplumber,long,2010s,train,59825,59825,long,content_text,99.60665269042627,A+,2025-06-04 18:19:03.766570
6734a67a538e3ad97ae5e17a,2012-11-06,2012,11,Tuesday,pdfplumber,long,2010s,train,65578,65578,long,content_text,99.60665269042627,A+,2025-06-04 18:19:03.766570
6734a6b9538e3ad97ae5e17d,2012-11-19,2012,11,Monday,pdfplumber,long,2010s,train,72292,72292,long,content_text,99.60665269042627,A+,2025-06-04 18:19:03.766570
6734a7fb538e3ad97ae5e188,2013-06-27,2013,6,Thursday,pdfplumber,long,2010s,train,52358,52358,long,content_text,99.60665269042627,A+,2025-06-04 18:19:03.766570
6734a840538e3ad97ae5e18b,2013-07-03,2013,7,Wednesday,pdfplumber,long,2010s,train,81352,81352,long,content_text,99.60665269042627,A+,2025-06-04 18:19:03.766570
6734a8ca538e3ad97ae5e191,2013-07-15,2013,7,Monday,pdfplumber,long,2010s,train,50603,50603,long,content_text,99.60665269042627,A+,2025-06-04 18:19:03.766570
6734a8fb538e3ad97ae5e193,2013-07-17,2013,7,Wednesday,pdfplumber,long,2010s,train,99830,99830,long,content_text,99.60665269042627,A+,2025-06-04 18:19:03.766570
6734a97e538e3ad97ae5e198,2013-09-26,2013,9,Thursday,pdfplumber,long,2010s,train,53659,53659,long,content_text,99.60665269042627,A+,2025-06-04 18:19:03.766570
6734a997538e3ad97ae5e199,2013-09-30,2013,9,Monday,pdfplumber,long,2010s,train,81866,81866,long,content_text,99.60665269042627,A+,2025-06-04 18:19:03.766570
6734ac23538e3ad97ae5e1b6,2013-12-04,2013,12,Wednesday,pdfplumber,long,2010s,train,84512,84512,long,content_text,99.60665269042627,A+,2025-06-04 18:19:03.766570
6734af96538e3ad97ae5e1dd,2014-10-27,2014,10,Monday,pdfplumber,long,2010s,train,70853,70853,long,content_text,99.60665269042627,A+,2025-06-04 18:19:03.766570
6734afef538e3ad97ae5e1e1,2014-11-03,2014,11,Monday,pdfplumber,long,2010s,train,90459,90459,long,content_text,99.60665269042627,A+,2025-06-04 18:19:03.766570
6734b0d2538e3ad97ae5e1eb,2014-11-19,2014,11,Wednesday,pdfplumber,long,2010s,train,83111,83111,long,content_text,99.60665269042627,A+,2025-06-04 18:19:03.766570
6734b1c2538e3ad97ae5e1f4,2015-03-12,2015,3,Thursday,pdfplumber,long,2010s,train,45898,45898,long,content_text,99.60665269042627,A+,2025-06-04 18:19:03.766570
6734b1d8538e3ad97ae5e1f5,2015-03-16,2015,3,Monday,pdfplumber,long,2010s,train,68771,68771,long,content_text,99.60665269042627,A+,2025-06-04 18:19:03.766570
6734b2bc538e3ad97ae5e1ff,2015-04-01,2015,4,Wednesday,pdfplumber,long,2010s,train,68899,68899,long,content_text,99.60665269042627,A+,2025-06-04 18:19:03.766570
6734b30c538e3ad97ae5e202,2015-04-07,2015,4,Tuesday,pdfplumber,long,2010s,train,74923,74923,long,content_text,99.60665269042627,A+,2025-06-04 18:19:03.766570
6734b331538e3ad97ae5e203,2015-04-08,2015,4,Wednesday,pdfplumber,long,2010s,train,118996,118996,long,content_text,99.60665269042627,A+,2025-06-04 18:19:03.766570
6734b4d3538e3ad97ae5e214,2015-06-18,2015,6,Thursday,pdfplumber,long,2010s,train,53717,53717,long,content_text,99.60665269042627,A+,2025-06-04 18:19:03.766570
6734b633538e3ad97ae5e220,2015-11-04,2015,11,Wednesday,pdfplumber,long,2010s,train,104270,104270,long,content_text,99.60665269042627,A+,2025-06-04 18:19:03.766570
6734b719538e3ad97ae5e229,2015-11-26,2015,11,Thursday,pdfplumber,long,2010s,train,78863,78863,long,content_text,99.60665269042627,A+,2025-06-04 18:19:03.766570
6734b888538e3ad97ae5e237,2016-03-17,2016,3,Thursday,pdfplumber,long,2010s,train,54643,54643,long,content_text,99.60665269042627,A+,2025-06-04 18:19:03.766570
6734b907538e3ad97ae5e23c,2016-03-28,2016,3,Monday,pdfplumber,long,2010s,train,51741,51741,long,content_text,99.60665269042627,A+,2025-06-04 18:19:03.766570
6734b92b538e3ad97ae5e23e,2016-03-30,2016,3,Wednesday,pdfplumber,long,2010s,train,50038,50038,long,content_text,99.60665269042627,A+,2025-06-04 18:19:03.766570
6734ba0e538e3ad97ae5e248,2016-05-23,2016,5,Monday,pdfplumber,long,2010s,train,47732,47732,long,content_text,99.60665269042627,A+,2025-06-04 18:19:03.766570
6734baff538e3ad97ae5e24f,2016-10-20,2016,10,Thursday,pdfplumber,long,2010s,train,50471,50471,long,content_text,99.60665269042627,A+,2025-06-04 18:19:03.766570
6734bc4e538e3ad97ae5e25c,2016-11-10,2016,11,Thursday,pdfplumber,long,2010s,train,90870,90870,long,content_text,99.60665269042627,A+,2025-06-04 18:19:03.766570
6734beaf538e3ad97ae5e274,2017-04-03,2017,4,Monday,pdfplumber,long,2010s,train,74341,74341,long,content_text,99.60665269042627,A+,2025-06-04 18:19:03.766570
6734bfcc538e3ad97ae5e27e,2017-08-02,2017,8,Wednesday,pdfplumber,long,2010s,train,51059,51059,long,content_text,99.60665269042627,A+,2025-06-04 18:19:03.766570
6734c030538e3ad97ae5e282,2017-08-09,2017,8,Wednesday,pdfplumber,long,2010s,train,128967,128967,long,content_text,99.60665269042627,A+,2025-06-04 18:19:03.766570
6734c1c6538e3ad97ae5e292,2017-11-14,2017,11,Tuesday,pdfplumber,long,2010s,train,90986,90986,long,content_text,99.60665269042627,A+,2025-06-04 18:19:03.766570
6734c30e538e3ad97ae5e29d,2018-03-05,2018,3,Monday,pdfplumber,medium,2010s,train,5848,5848,medium,content_text,99.60665269042627,A+,2025-06-04 18:19:03.766570
6734c482538e3ad97ae5e2b0,2018-04-05,2018,4,Thursday,pdfplumber,long,2010s,train,26212,26212,long,content_text,99.60665269042627,A+,2025-06-04 18:19:03.766570
6734c4fa538e3ad97ae5e2b4,2018-07-19,2018,7,Thursday,pdfplumber,long,2010s,train,50437,50437,long,content_text,99.60665269042627,A+,2025-06-04 18:19:03.766570
6734c660538e3ad97ae5e2c3,2018-08-15,2018,8,Wednesday,pdfplumber,long,2010s,train,78361,78361,long,content_text,99.60665269042627,A+,2025-06-04 18:19:03.766570
6734c6f8538e3ad97ae5e2c9,2018-10-22,2018,10,Monday,pdfplumber,long,2010s,train,63914,63914,long,content_text,99.60665269042627,A+,2025-06-04 18:19:03.766570
6734c7d3538e3ad97ae5e2d2,2018-11-12,2018,11,Monday,pdfplumber,long,2010s,train,73881,73881,long,content_text,99.60665269042627,A+,2025-06-04 18:19:03.766570
6734c85e538e3ad97ae5e2d7,2018-11-21,2018,11,Wednesday,pdfplumber,long,2010s,train,68347,68347,long,content_text,99.60665269042627,A+,2025-06-04 18:19:03.766570
6734c959538e3ad97ae5e2e0,2018-12-06,2018,12,Thursday,pdfplumber,long,2010s,train,85376,85376,long,content_text,99.60665269042627,A+,2025-06-04 18:19:03.766570
6734c9ca538e3ad97ae5e2e3,2019-03-11,2019,3,Monday,pdfplumber,medium,2010s,train,5933,5933,medium,content_text,99.60665269042627,A+,2025-06-04 18:19:03.766570
6734ca02538e3ad97ae5e2e6,2019-03-14,2019,3,Thursday,pdfplumber,long,2010s,train,48130,48130,long,content_text,99.60665269042627,A+,2025-06-04 18:19:03.766570
6734cbb8538e3ad97ae5e2f7,2019-07-01,2019,7,Monday,pdfplumber,long,2010s,train,62976,62976,long,content_text,99.60665269042627,A+,2025-06-04 18:19:03.766570
6734cd43538e3ad97ae5e308,2019-10-14,2019,10,Monday,pdfplumber,long,2010s,train,63142,63142,long,content_text,99.60665269042627,A+,2025-06-04 18:19:03.766570
6734cd58538e3ad97ae5e309,2019-10-15,2019,10,Tuesday,pdfplumber,long,2010s,train,62125,62125,long,content_text,99.60665269042627,A+,2025-06-04 18:19:03.766570
6734cec8538e3ad97ae5e318,2019-11-12,2019,11,Tuesday,pdfplumber,long,2010s,train,82884,82884,long,content_text,99.60665269042627,A+,2025-06-04 18:19:03.766570
6734cfe1538e3ad97ae5e321,2019-11-27,2019,11,Wednesday,tesseract,long,2010s,train,88138,92146,long,ocr_text,99.60665269042627,A+,2025-06-04 18:19:03.766570
6734d05c538e3ad97ae5e326,2019-12-05,2019,12,Thursday,pdfplumber,long,2010s,train,52233,52233,long,content_text,99.60665269042627,A+,2025-06-04 18:19:03.766570
6734d14a538e3ad97ae5e329,2020-07-14,2020,7,Tuesday,pdfplumber,long,2020s,train,59796,59796,long,content_text,99.60665269042627,A+,2025-06-04 18:19:03.766570
6734d2e2538e3ad97ae5e33c,2020-08-18,2020,8,Tuesday,pdfplumber,long,2020s,train,52184,52184,long,content_text,99.60665269042627,A+,2025-06-04 18:19:03.766570
6734d38b538e3ad97ae5e341,2020-11-02,2020,11,Monday,pdfplumber,long,2020s,train,25325,25325,long,content_text,99.60665269042627,A+,2025-06-04 18:19:03.766570
6734d3f7538e3ad97ae5e349,2020-11-12,2020,11,Thursday,pdfplumber,long,2020s,train,36170,36170,long,content_text,99.60665269042627,A+,2025-06-04 18:19:03.766570
6734d4c4538e3ad97ae5e355,2020-12-03,2020,12,Thursday,pdfplumber,long,2020s,train,40666,40666,long,content_text,99.60665269042627,A+,2025-06-04 18:19:03.766570
6734d699538e3ad97ae5e362,2021-09-13,2021,9,Monday,pdfplumber,medium,2020s,train,5186,5186,medium,content_text,99.60665269042627,A+,2025-06-04 18:19:03.766570
6734d7d3538e3ad97ae5e36c,2021-10-04,2021,10,Monday,pdfplumber,long,2020s,train,60993,60993,long,content_text,99.60665269042627,A+,2025-06-04 18:19:03.766570
6734d871538e3ad97ae5e373,2021-10-26,2021,10,Tuesday,pdfplumber,long,2020s,train,66409,66409,long,content_text,99.60665269042627,A+,2025-06-04 18:19:03.766570
6734d9dd538e3ad97ae5e385,2021-11-25,2021,11,Thursday,pdfplumber,long,2020s,train,59817,59817,long,content_text,99.60665269042627,A+,2025-06-04 18:19:03.766570
6734da31538e3ad97ae5e389,2021-12-02,2021,12,Thursday,pdfplumber,long,2020s,train,61959,61959,long,content_text,99.60665269042627,A+,2025-06-04 18:19:03.766570
6734da57538e3ad97ae5e38b,2021-12-07,2021,12,Tuesday,pdfplumber,long,2020s,train,50778,50778,long,content_text,99.60665269042627,A+,2025-06-04 18:19:03.766570
6734dcfd538e3ad97ae5e3a6,2022-07-19,2022,7,Tuesday,pdfplumber,long,2020s,train,61661,61661,long,content_text,99.60665269042627,A+,2025-06-04 18:19:03.766570
6734e75ff8efe8ec4b7efdc3,2021-09-22,2021,9,Wednesday,pdfplumber,long,2020s,train,79756,79756,long,content_text,99.60665269042627,A+,2025-06-04 18:19:03.766570
6734e9f0f8efe8ec4b7efdd3,2023-02-24,2023,2,Friday,pdfplumber,long,2020s,train,14714,14714,long,content_text,99.60665269042627,A+,2025-06-04 18:19:03.766570
6734ebe5f8efe8ec4b7efde9,2023-04-04,2023,4,Tuesday,pdfplumber,long,2020s,train,38533,38533,long,content_text,99.60665269042627,A+,2025-06-04 18:19:03.766570
6734edcdf8efe8ec4b7efdfb,2023-10-09,2023,10,Monday,pdfplumber,long,2020s,train,82004,82004,long,content_text,99.60665269042627,A+,2025-06-04 18:19:03.766570
6734ee53f8efe8ec4b7efe02,2023-10-18,2023,10,Wednesday,pdfplumber,long,2020s,train,63594,63594,long,content_text,99.60665269042627,A+,2025-06-04 18:19:03.766570
6734ee6ef8efe8ec4b7efe03,2023-10-19,2023,10,Thursday,pdfplumber,long,2020s,train,73344,73344,long,content_text,99.60665269042627,A+,2025-06-04 18:19:03.766570
6734ef83f8efe8ec4b7efe0f,2023-11-09,2023,11,Thursday,pdfplumber,long,2020s,train,62241,62241,long,content_text,99.60665269042627,A+,2025-06-04 18:19:03.766570
6734f367f8efe8ec4b7efe39,2024-07-15,2024,7,Monday,pdfplumber,long,2020s,train,57236,57236,long,content_text,99.60665269042627,A+,2025-06-04 18:19:03.766570
67fbf53c650f7d73231396b3,2025-02-13,2025,2,Thursday,pdfplumber,long,2020s,train,56497,56497,long,content_text,99.60665269042627,A+,2025-06-04 18:19:03.766570
67fbf560650f7d73231396b8,2024-12-11,2024,12,Wednesday,pdfplumber,long,2020s,train,68699,68699,long,content_text,99.60665269042627,A+,2025-06-04 18:19:03.766570
67fbf8bd650f7d73231396c8,2025-03-03,2025,3,Monday,tesseract,long,2020s,train,56435,59093,long,ocr_text,99.60665269042627,A+,2025-06-04 18:19:03.766570
